<?xml version="1.0" encoding="UTF-8" standalone="no"?><PLayers>
  <Player>
    <guid>8dc5df89-6296-4477-9da4-b0be1baa13e7</guid>
    <isActive>true</isActive>
    <firstName>Pearl</firstName>
    <lastName>Rice</lastName>
    <email>pearlrice@gmail.com</email>
    <rank>304</rank>
    <winRate>97</winRate>
    <registered>2020-12-16T07:19:18</registered>
    <lastPlayed>2023-04-08T02:53:00</lastPlayed>
  </Player>
  <Player>
    <guid>9ad0cc70-8c57-4878-bb92-8bbf46d46b9f</guid>
    <isActive>false</isActive>
    <firstName>Phelps</firstName>
    <lastName>Holcomb</lastName>
    <email>phelpsholcomb@gmail.com</email>
    <rank>48</rank>
    <winRate>80</winRate>
    <registered>2015-04-04T12:25:46</registered>
    <lastPlayed>2023-02-13T12:05:04</lastPlayed>
  </Player>
  <Player>
    <guid>bfceea5d-6986-4aae-97e4-de084acfcd9e</guid>
    <isActive>false</isActive>
    <firstName>Lawrence</firstName>
    <lastName>Buckner</lastName>
    <email>lawrencebuckner@gmail.com</email>
    <rank>803</rank>
    <winRate>65</winRate>
    <registered>2023-02-04T07:49:35</registered>
    <lastPlayed>2023-06-20T07:39:49</lastPlayed>
  </Player>
  <Player>
    <guid>6cdd8490-7e6e-423c-a535-997ae7be8930</guid>
    <isActive>true</isActive>
    <firstName>Christy</firstName>
    <lastName>Mcintosh</lastName>
    <email>christymcintosh@gmail.com</email>
    <rank>16</rank>
    <winRate>34</winRate>
    <registered>2021-09-14T07:02:43</registered>
    <lastPlayed>2023-07-11T05:34:45</lastPlayed>
  </Player>
  <Player>
    <guid>7ffd76e1-fc28-492d-87e5-e3ceed97e650</guid>
    <isActive>false</isActive>
    <firstName>Farmer</firstName>
    <lastName>Halt</lastName>
    <email>farmerhalt@gmail.com</email>
    <rank>195</rank>
    <winRate>36</winRate>
    <registered>2018-02-02T09:27:22</registered>
    <lastPlayed>2023-04-17T03:20:19</lastPlayed>
  </Player>
<Player><guid>8dc5df89-6296-4477-9da4-b0be1baa1389</guid><isActive>true</isActive><firstName>Jason</firstName><lastName>Doe</lastName><email>jdoe@gmail.com</email><rank>1</rank><winRate>89</winRate><registered>2020-12-16T07:19:18</registered><LastPlayed>2023-04-08T02:53</LastPlayed></Player></PLayers>